{
    "foreground_intensity_properties_per_channel": {
        "0": {
            "max": 255.0,
            "mean": 183.39273071289062,
            "median": 189.0,
            "min": 35.0,
            "percentile_00_5": 74.0,
            "percentile_99_5": 250.0,
            "std": 39.457637786865234
        },
        "1": {
            "max": 255.0,
            "mean": 129.1850128173828,
            "median": 126.0,
            "min": 23.0,
            "percentile_00_5": 44.0,
            "percentile_99_5": 246.0,
            "std": 38.938236236572266
        },
        "2": {
            "max": 255.0,
            "mean": 178.4316864013672,
            "median": 178.0,
            "min": 69.0,
            "percentile_00_5": 108.0,
            "percentile_99_5": 244.0,
            "std": 25.424997329711914
        }
    },
    "median_relative_size_after_cropping": 1.0,
    "shapes_after_crop": [
        [
            1,
            512,
            512
        ],
        [
            1,
            512,
            512
        ],
        [
            1,
            512,
            512
        ],
        [
            1,
            512,
            512
        ],
        [
            1,
            512,
            512
        ],
        [
            1,
            512,
            512
        ],
        [
            1,
            512,
            512
        ],
        [
            1,
            512,
            512
        ],
        [
            1,
            512,
            512
        ],
        [
            1,
            512,
            512
        ],
        [
            1,
            512,
            512
        ],
        [
            1,
            512,
            512
        ],
        [
            1,
            512,
            512
        ],
        [
            1,
            512,
            512
        ],
        [
            1,
            512,
            512
        ]
    ],
    "spacings": [
        [
            999,
            1,
            1
        ],
        [
            999,
            1,
            1
        ],
        [
            999,
            1,
            1
        ],
        [
            999,
            1,
            1
        ],
        [
            999,
            1,
            1
        ],
        [
            999,
            1,
            1
        ],
        [
            999,
            1,
            1
        ],
        [
            999,
            1,
            1
        ],
        [
            999,
            1,
            1
        ],
        [
            999,
            1,
            1
        ],
        [
            999,
            1,
            1
        ],
        [
            999,
            1,
            1
        ],
        [
            999,
            1,
            1
        ],
        [
            999,
            1,
            1
        ],
        [
            999,
            1,
            1
        ]
    ]
}